Черкаська,M381 129L383 129L383 130L384 131L384 132L385 132L387 134L388 133L389 133L389 135L387 135L387 136L388 138L388 139L391 139L393 143L394 144L394 149L392 149L392 150L393 150L394 153L395 153L395 154L396 153L396 154L397 154L397 155L398 155L400 156L400 160L405 161L405 164L406 165L407 165L407 169L405 169L404 172L404 173L405 174L406 176L407 176L408 180L408 186L407 189L407 190L408 190L408 195L409 195L409 198L411 198L408 201L406 201L405 200L404 200L404 201L403 201L403 202L399 202L399 203L398 203L398 201L397 201L396 199L396 196L395 196L394 197L392 197L392 194L391 194L390 195L389 195L389 196L390 196L389 197L389 196L388 196L388 197L387 197L387 198L386 198L386 200L384 200L384 204L380 204L380 203L379 204L377 205L376 205L376 206L375 206L375 207L374 207L374 205L373 205L373 204L372 204L369 202L367 202L367 203L366 204L364 204L363 203L362 203L362 208L360 210L360 211L359 211L359 213L358 213L357 214L355 214L354 215L354 214L353 214L353 213L349 213L347 214L346 215L344 215L344 214L343 214L342 213L333 213L333 212L331 212L328 215L327 215L327 216L328 216L328 217L327 218L327 219L325 220L325 221L326 221L326 224L322 224L322 223L320 223L320 224L319 224L319 226L314 228L314 229L313 228L311 228L309 230L308 230L307 229L306 229L304 230L303 230L303 229L304 229L304 228L305 228L305 226L306 226L306 224L304 222L304 221L303 220L303 218L301 218L300 217L300 215L301 214L299 212L296 212L296 208L295 208L294 207L294 206L295 205L295 204L294 204L294 203L292 203L292 202L291 202L292 202L292 200L293 200L293 199L292 199L291 198L290 198L290 196L291 196L291 195L292 195L293 194L293 192L294 192L294 188L293 188L293 187L294 186L295 187L296 187L295 187L295 189L296 189L297 190L299 189L300 189L300 188L301 187L302 187L302 185L303 184L306 184L306 183L308 183L309 184L309 182L310 181L312 181L311 182L311 183L318 185L318 186L319 186L320 183L320 180L321 180L321 179L322 179L322 180L323 180L323 181L325 180L326 180L327 181L327 180L328 179L331 179L331 181L333 181L334 180L335 180L335 179L336 180L336 179L338 179L338 180L339 180L339 178L340 176L341 175L341 174L342 174L345 171L346 169L347 168L348 168L348 166L347 166L347 163L348 162L348 160L349 159L349 151L350 151L350 150L352 150L354 148L359 148L359 151L360 151L360 152L360 151L361 151L361 150L363 150L363 149L364 148L364 150L369 151L369 149L370 149L370 147L372 145L372 142L374 141L374 138L373 137L376 134L377 134L379 132L379 131L378 131L378 129L379 128L381 128z,
Чернігівська,M427 3L430 3L431 4L430 5L430 7L429 8L429 10L428 11L428 16L430 16L431 17L431 18L432 19L432 20L434 20L434 21L433 21L433 22L430 22L430 21L430 25L429 25L429 26L430 27L429 28L427 29L426 29L425 30L423 30L422 31L422 32L421 32L421 33L419 35L419 36L418 37L418 38L419 39L419 41L420 41L422 43L422 44L421 45L421 46L422 46L422 50L423 50L422 50L422 51L421 51L422 52L422 53L423 53L423 54L422 55L421 54L420 54L421 55L421 56L420 56L420 59L421 59L421 60L420 60L420 62L419 63L418 63L418 62L417 61L416 61L416 63L417 64L418 64L418 67L419 67L418 68L418 70L417 70L417 73L415 73L415 74L414 74L414 75L415 75L415 77L414 78L414 79L415 79L417 80L418 80L418 81L417 81L418 82L419 82L421 83L421 82L422 81L424 81L423 82L423 83L422 83L422 85L423 86L423 89L422 90L422 91L421 91L420 95L420 97L421 98L422 98L422 100L421 100L421 103L420 103L420 106L419 107L417 114L416 115L415 115L414 116L414 117L413 117L412 118L412 119L411 119L411 120L409 120L406 122L404 122L404 121L397 121L397 119L395 119L394 120L394 119L392 119L390 120L389 120L388 122L387 122L387 123L387 122L384 122L382 121L382 120L381 120L382 120L382 119L380 119L380 118L379 118L379 116L378 115L378 114L379 113L380 113L380 111L377 111L377 110L376 108L375 108L374 107L374 106L372 106L372 107L371 107L371 109L370 109L370 110L367 110L367 111L366 111L365 112L364 112L363 113L360 112L360 113L354 113L353 112L352 112L352 110L350 110L349 109L349 107L350 107L350 103L349 103L348 102L348 101L346 101L346 98L343 98L343 99L341 98L340 98L340 99L336 99L336 100L336 99L335 99L335 98L334 98L333 99L332 98L333 97L333 95L334 95L334 93L333 93L332 92L330 91L329 91L329 87L330 87L329 86L329 85L328 84L326 84L326 83L325 83L325 84L324 84L324 77L325 74L325 73L324 73L324 71L326 71L326 70L325 70L326 68L326 66L328 65L329 64L328 63L329 63L329 62L328 62L328 59L327 59L327 57L328 57L327 56L327 54L326 54L326 53L327 52L325 52L324 51L324 50L325 50L324 49L326 47L325 47L325 46L326 46L326 43L328 43L328 40L329 40L329 39L328 39L330 37L330 36L329 36L331 34L331 33L332 32L332 31L334 31L334 30L335 30L335 28L336 28L337 27L337 26L338 26L338 25L340 25L340 24L339 23L339 21L340 21L340 20L347 20L348 21L350 22L350 23L352 21L352 20L353 19L356 18L359 18L366 19L374 19L375 20L375 23L376 23L378 22L382 22L388 20L389 19L391 13L391 11L392 11L392 8L391 8L392 5L398 6L406 10L407 10L409 9L411 9L412 10L413 10L418 6L419 6L420 5L421 5L421 4L422 3L423 3z,
Чернівецька,M148 220L148 218L150 218L150 219L152 221L152 222L156 222L156 221L157 220L157 221L158 221L158 219L159 219L159 224L160 225L161 225L162 224L161 223L161 221L162 221L162 223L163 225L164 226L166 225L167 225L167 226L168 226L169 227L170 227L172 225L173 226L174 225L175 226L176 226L176 227L178 229L178 230L180 230L180 227L181 227L181 228L183 228L183 226L182 226L181 225L180 225L180 224L181 224L183 225L184 225L184 223L183 223L184 222L185 223L185 224L186 224L186 222L187 221L188 222L188 225L190 225L190 224L191 224L191 223L194 223L195 224L195 223L196 224L199 224L199 223L204 223L204 222L203 222L203 221L206 221L206 222L207 221L207 220L208 220L211 223L212 225L212 228L213 229L210 232L208 232L207 231L205 232L202 235L201 235L197 233L195 233L195 235L193 235L192 236L188 233L188 234L186 234L186 239L184 239L184 238L183 238L183 237L182 237L182 238L181 239L180 239L180 241L174 242L172 243L168 243L168 248L167 250L167 251L166 252L165 252L165 253L164 255L163 255L162 256L158 256L156 257L152 257L148 259L130 261L128 262L125 268L121 270L118 271L117 270L118 270L118 268L119 264L120 264L120 263L119 263L119 260L118 259L118 257L117 256L117 255L118 255L118 254L119 251L120 251L120 249L121 248L122 248L124 246L124 245L125 245L125 242L126 242L131 236L135 233L142 233L142 231L143 226L142 225L141 223L141 219L142 219L142 218L144 217L144 218L147 218L147 220z,
Дніпропетровська,M489 190L492 190L492 191L493 191L493 190L494 190L495 191L496 191L497 192L498 192L498 193L500 195L501 195L501 196L502 196L502 197L503 197L503 198L505 199L507 201L512 201L513 202L518 202L518 203L520 203L520 202L521 202L522 201L525 201L527 203L526 203L527 203L527 205L528 205L527 205L527 206L526 207L525 207L526 208L527 207L527 208L528 208L529 209L530 209L530 210L531 210L531 211L532 211L532 212L533 212L533 213L532 214L532 215L534 217L537 219L537 222L538 223L538 224L537 225L537 226L538 226L538 225L539 225L539 226L540 226L540 225L541 225L540 224L544 220L544 219L545 219L547 220L548 221L548 222L550 222L550 221L551 221L554 220L554 222L556 221L556 222L555 222L555 224L554 224L554 226L556 226L556 225L557 224L557 223L560 223L560 226L558 226L558 228L559 228L558 228L558 231L557 232L557 238L558 237L559 237L559 238L560 238L560 240L561 240L561 244L560 245L559 245L559 248L560 250L560 252L559 252L558 253L556 253L555 252L554 252L554 251L551 250L550 251L549 250L549 251L548 251L548 257L549 257L550 258L550 260L547 260L546 261L547 262L548 262L548 264L541 265L541 264L539 264L539 265L535 265L535 263L533 263L533 264L530 264L530 263L529 263L529 262L531 262L531 258L529 258L529 255L528 255L528 253L529 253L527 253L527 254L526 254L526 252L525 252L526 252L526 250L522 250L520 251L519 250L517 250L516 249L516 248L514 248L512 249L511 249L509 251L508 250L502 249L500 248L491 248L488 251L486 251L485 250L485 248L484 248L484 253L483 253L483 255L484 255L484 256L485 256L486 257L487 257L487 258L486 259L484 259L483 260L483 262L486 264L486 268L487 269L488 269L487 272L487 275L486 277L487 278L487 281L484 281L477 279L474 279L469 281L465 282L460 284L455 284L449 282L444 283L440 283L439 282L437 282L437 280L438 280L438 279L437 279L437 278L434 279L434 281L429 282L429 283L428 283L427 282L427 281L426 280L423 280L423 279L422 279L419 278L416 278L416 276L417 275L417 274L416 274L416 272L415 271L416 271L417 270L419 270L419 268L418 268L418 262L419 262L419 260L417 260L417 258L418 258L418 257L417 257L418 255L418 253L419 253L420 252L420 251L423 251L424 250L424 247L425 246L425 245L425 246L426 247L425 247L425 249L426 249L426 248L428 246L428 245L430 245L430 246L433 243L433 242L435 242L435 238L434 238L434 232L433 232L433 231L434 231L434 230L433 229L433 227L432 227L432 226L437 224L438 223L439 223L443 221L444 219L445 219L446 218L445 217L444 217L444 216L441 216L440 215L438 215L438 214L437 214L437 213L436 213L436 212L437 211L439 211L440 210L441 210L441 211L443 211L443 210L444 210L444 212L445 212L445 211L446 211L446 213L447 213L447 211L448 211L448 210L449 209L449 208L450 207L454 210L456 210L456 211L459 211L462 214L463 213L463 212L464 212L464 211L463 211L463 210L464 209L464 208L465 208L463 206L463 203L464 201L465 200L466 200L466 198L467 198L467 197L468 196L468 195L469 195L475 192L477 192L480 191L482 189L485 189L485 191L486 191L486 189L488 189z,
Донецька,M600 192L601 191L603 191L603 195L602 195L602 196L604 199L604 200L602 200L602 201L601 201L601 202L602 202L602 203L607 203L608 204L609 204L609 208L611 208L611 210L612 211L612 212L611 212L611 215L612 214L612 215L610 217L610 222L611 223L611 224L610 224L610 225L611 225L611 226L612 226L612 230L613 230L613 231L615 231L615 230L616 231L616 233L617 233L618 234L618 235L619 235L619 236L618 236L618 237L616 237L616 239L617 240L622 240L622 242L623 243L623 245L624 246L631 249L631 251L630 251L630 252L631 253L632 253L632 254L635 254L639 255L639 259L640 259L640 260L639 262L639 263L631 263L629 267L629 270L628 272L628 273L627 273L626 272L625 272L624 273L623 275L622 275L621 276L614 277L612 278L612 279L610 283L610 288L608 292L608 294L611 294L612 295L612 296L611 297L610 297L610 298L609 298L608 299L608 303L609 304L606 308L605 308L606 307L606 306L605 305L603 304L603 305L599 305L596 304L592 306L590 306L584 305L578 313L577 315L576 316L575 316L575 314L573 313L571 313L570 315L565 316L564 314L564 313L565 312L568 312L568 311L567 310L567 309L568 309L568 308L567 307L565 307L564 306L563 304L563 302L562 302L560 301L558 299L561 299L561 298L562 298L561 297L561 293L562 293L562 294L566 294L566 292L567 292L567 290L568 290L568 289L570 291L571 290L570 289L571 289L571 286L572 285L571 285L569 284L569 285L568 285L568 284L567 284L564 280L563 280L562 279L560 279L560 280L556 276L555 277L554 277L554 276L555 276L555 275L554 275L553 274L554 274L554 273L553 273L553 272L552 271L551 268L551 267L548 267L548 262L547 262L546 261L547 260L550 260L550 258L549 257L548 257L548 251L549 251L549 250L550 251L551 250L554 251L554 252L555 252L556 253L558 253L559 252L560 252L560 250L559 248L559 245L560 245L561 244L561 240L560 240L560 238L559 238L559 237L558 237L557 238L557 232L558 231L558 228L559 228L558 228L558 226L560 226L560 223L557 223L557 224L556 225L556 226L554 226L554 224L555 224L555 222L556 222L556 221L554 222L554 220L553 219L553 215L552 213L552 212L553 211L554 211L555 212L558 212L558 211L559 211L559 210L560 210L560 211L564 212L564 213L565 213L565 212L564 211L564 210L566 210L566 208L568 208L568 209L570 209L570 207L571 207L571 206L572 206L572 205L573 204L575 204L575 201L574 201L575 200L575 199L576 199L577 198L577 196L578 196L586 191L586 189L582 189L584 187L584 186L588 186L592 188L595 188L595 186L596 186L596 187L597 187L597 188L598 188L598 189L597 189L596 190L597 190L599 192L600 192z,
Івано-Франківська,M107 171L109 171L112 176L113 177L114 179L114 185L115 185L116 186L116 188L115 188L115 193L116 193L117 192L118 193L119 193L119 194L120 194L120 196L119 196L119 197L118 196L116 196L116 197L117 197L118 198L119 198L119 201L123 201L125 202L125 205L126 206L126 207L127 206L127 204L128 203L129 203L129 206L128 207L128 208L129 207L130 207L132 208L131 209L129 209L129 212L130 212L132 210L133 210L133 207L135 207L135 208L136 208L136 207L138 207L137 208L137 209L138 210L139 210L140 211L141 211L144 214L143 214L143 215L144 216L144 217L142 218L142 219L141 219L141 223L142 225L143 226L142 231L142 233L135 233L131 236L127 241L126 242L125 242L125 245L124 245L124 246L122 248L121 248L120 249L120 251L119 251L118 254L118 255L117 255L117 256L118 257L118 259L119 260L119 263L120 263L120 264L119 264L118 268L118 270L117 270L118 271L116 271L114 267L113 266L108 264L108 263L107 262L107 260L106 259L104 258L105 256L105 255L107 252L106 250L103 248L103 246L102 246L103 245L103 243L102 242L102 240L101 240L97 236L96 236L96 234L95 234L94 233L94 235L93 235L92 236L91 236L90 235L89 235L89 234L88 234L88 225L87 225L86 227L83 227L82 228L82 229L80 229L80 225L79 225L79 224L78 224L75 222L75 219L71 219L69 216L67 215L66 215L67 209L67 206L66 206L67 205L68 200L69 199L70 199L71 194L72 194L72 193L80 193L81 192L82 192L83 193L84 193L84 192L86 191L87 191L88 192L89 192L91 191L93 191L93 190L95 190L96 189L99 189L99 188L100 188L100 187L99 186L96 186L96 184L97 183L97 182L96 182L95 183L94 183L94 181L97 181L97 180L99 179L99 178L97 177L98 176L99 174L99 173L98 172L99 171L99 170L106 170L107 171z,
Харківська,M601 148L602 148L602 150L603 150L603 151L604 151L603 152L601 152L601 153L602 154L602 155L601 155L601 157L600 156L600 157L599 157L599 158L598 158L599 159L600 158L601 159L601 162L600 163L600 164L599 165L599 170L598 171L598 173L597 174L596 174L596 177L597 178L596 180L596 182L598 182L598 183L597 184L597 185L596 185L595 186L595 188L592 188L588 186L584 186L584 187L582 189L586 189L586 191L578 196L577 196L577 198L576 199L575 199L575 200L574 201L575 201L575 204L573 204L572 205L572 206L571 206L571 207L570 207L570 209L568 209L568 208L566 208L566 210L564 210L564 211L565 212L565 213L564 213L564 212L560 211L560 210L559 210L559 211L558 211L558 212L555 212L554 211L553 211L552 212L552 213L553 215L553 219L554 220L551 221L550 221L550 222L548 222L548 221L547 220L545 219L544 219L544 220L540 224L541 225L540 225L540 226L539 226L539 225L538 225L538 226L537 226L537 225L538 224L538 223L537 222L537 219L534 217L532 215L532 214L533 213L533 212L532 212L532 211L531 211L531 210L530 210L530 209L529 209L528 208L527 208L527 207L526 208L525 207L526 207L527 206L527 205L528 205L527 205L527 203L526 203L527 203L525 201L522 201L521 202L520 202L520 203L518 203L518 202L513 202L512 201L507 201L505 199L503 198L503 197L502 197L502 196L501 196L501 195L500 195L498 193L498 192L497 192L496 191L495 191L494 190L493 190L493 191L492 191L492 190L489 190L489 187L488 186L488 184L491 181L492 181L492 182L497 183L498 183L500 182L500 181L501 180L502 178L503 177L503 175L502 175L502 174L501 173L501 172L502 172L503 171L505 172L506 172L506 171L507 171L507 170L506 170L505 169L504 169L504 168L507 168L507 166L505 163L505 162L506 162L506 161L505 160L504 160L503 161L500 161L500 160L499 160L499 158L498 158L498 157L497 157L497 151L494 151L491 150L491 149L488 149L488 148L487 148L485 146L485 144L484 142L485 141L486 139L487 139L487 135L486 134L488 133L488 132L489 131L489 132L491 132L491 131L492 130L494 130L494 128L496 128L497 129L499 129L499 126L500 126L501 127L501 125L504 125L504 123L506 123L508 125L509 125L508 125L508 124L515 124L515 122L516 122L516 121L517 120L519 120L520 119L520 118L521 118L524 117L531 118L532 119L532 120L533 120L537 126L538 127L538 126L539 126L540 125L544 125L545 126L546 126L546 127L547 127L547 129L546 129L547 130L548 130L549 131L550 130L551 130L551 128L552 128L552 127L558 124L561 123L566 123L571 121L572 121L574 118L579 117L580 118L580 119L581 121L581 123L585 124L586 126L586 129L585 130L587 132L591 138L592 139L595 140L596 141L598 142L600 146L601 147L601 148z,
Херсонська,M403 360L408 361L410 360L411 361L415 361L416 362L418 361L418 362L417 363L402 360zM491 359L490 360L489 359L490 357L492 357L492 356L491 356L495 355L497 354L498 352L499 351L499 350L500 350L500 351L497 356L496 357L494 357L493 358L492 358zM385 355L383 355L369 352L363 349L361 347L361 344L362 346L362 348L363 349L365 350L382 354zM428 283L429 283L429 282L434 281L434 279L437 278L437 279L438 279L438 280L437 280L437 282L439 282L440 283L444 283L449 282L455 284L460 284L461 286L463 292L464 293L464 295L465 295L466 294L466 295L467 295L468 294L468 293L469 293L471 292L471 293L472 293L471 293L471 294L470 294L470 295L471 295L471 303L472 303L472 304L473 304L473 309L474 309L474 310L475 310L475 312L477 312L477 313L478 313L479 314L480 314L480 316L481 317L482 317L482 319L481 320L480 320L480 323L479 323L479 324L478 324L478 325L476 325L476 327L478 327L479 328L480 328L480 332L481 333L481 334L485 334L485 336L484 336L484 337L488 337L488 338L491 338L492 343L492 347L494 348L493 349L491 350L487 351L486 350L486 351L485 352L484 352L484 353L483 354L483 360L484 361L485 368L486 369L488 375L490 378L488 378L485 375L483 375L482 374L482 369L481 367L480 366L478 365L477 364L475 365L474 365L472 364L472 365L471 366L470 366L467 363L467 362L466 360L464 360L462 358L460 358L459 359L457 358L455 358L454 357L452 357L451 355L447 353L442 353L441 352L440 352L441 354L440 356L439 357L439 356L438 355L437 355L436 356L436 359L435 359L434 360L435 361L432 361L429 358L428 358L427 359L427 358L428 357L428 356L427 356L424 357L424 355L425 352L424 352L423 354L421 356L420 356L419 355L417 354L417 357L410 357L408 356L407 356L405 357L400 358L399 359L398 359L390 357L389 357L389 356L388 356L388 354L389 353L386 353L384 352L383 352L382 350L381 349L380 350L378 349L375 346L375 349L372 348L371 348L370 347L370 346L371 346L371 345L378 345L378 344L380 343L381 343L381 342L379 339L376 339L372 338L373 336L383 336L387 337L391 339L392 339L394 338L395 337L394 336L395 334L398 332L400 332L403 329L402 329L401 330L399 330L394 333L391 333L389 332L388 331L387 332L385 332L384 333L383 331L380 330L379 329L379 328L378 327L378 325L380 325L380 324L381 324L381 323L382 323L382 324L385 324L385 323L386 323L386 322L387 321L387 320L392 321L392 320L393 319L393 318L396 318L396 319L399 319L399 317L403 317L403 318L404 318L405 319L410 319L413 318L413 317L414 317L409 317L409 316L413 315L414 314L416 313L416 312L414 312L414 310L415 310L416 311L417 311L418 310L418 309L416 307L414 306L413 306L413 304L414 303L414 301L415 300L418 300L419 299L419 298L420 299L421 298L421 297L420 296L420 289L417 289L417 287L418 286L418 285L419 286L419 287L421 287L421 286L420 286L420 281L419 280L419 278L422 279L423 279L423 280L426 280L427 281L427 282L428 283z,
Хмельницька,M201 111L202 111L202 112L205 115L204 116L203 116L203 120L202 120L203 120L203 121L205 121L205 123L206 123L207 124L209 125L209 127L210 126L210 127L211 128L212 128L212 130L215 130L215 128L217 128L217 129L216 130L218 132L218 134L217 134L217 135L218 135L218 136L217 136L217 138L218 139L219 139L219 141L217 141L217 142L214 142L215 144L215 145L216 145L215 145L214 146L214 148L216 148L216 150L217 152L218 152L218 154L226 156L225 157L224 157L225 158L225 159L222 159L222 161L223 162L224 162L224 164L223 167L222 167L223 168L223 169L222 170L222 169L221 169L221 172L222 172L222 173L221 173L221 174L222 175L225 175L225 177L224 177L224 180L225 180L226 181L226 187L227 187L227 190L226 191L224 191L224 192L223 192L223 193L222 193L222 192L220 192L219 191L218 191L218 190L217 190L216 191L216 192L212 192L212 195L211 195L211 196L210 196L210 197L209 198L209 199L208 199L208 201L209 201L209 202L208 202L208 204L209 205L209 211L210 211L210 212L209 212L209 217L208 220L207 220L207 221L206 222L206 221L203 221L203 222L204 222L204 223L199 223L199 224L196 224L195 223L195 224L194 223L191 223L191 224L190 224L190 225L188 225L188 222L187 221L186 222L186 224L185 224L185 223L184 222L183 223L184 223L184 225L183 225L181 224L180 224L180 225L181 225L182 226L183 226L183 228L181 228L181 227L180 227L180 230L178 230L178 229L176 227L176 226L175 226L174 225L173 226L172 225L171 226L171 225L170 224L171 223L170 223L170 222L169 222L168 221L169 220L169 219L168 220L168 218L166 218L166 210L167 210L165 208L165 205L164 205L164 204L165 204L165 203L164 202L164 201L165 201L164 200L165 200L165 198L164 197L165 197L165 196L166 195L166 194L165 193L165 190L164 189L165 188L165 186L166 186L166 184L167 184L167 183L166 182L166 177L165 177L165 176L164 176L164 173L163 171L163 168L164 168L165 167L165 164L166 164L166 161L165 161L165 158L166 158L166 154L165 154L164 153L164 149L163 149L163 144L165 143L166 143L166 142L165 141L164 141L165 140L166 140L166 138L165 138L165 137L167 137L167 135L166 135L165 134L166 134L168 133L168 132L169 131L170 129L171 129L171 128L175 128L175 127L176 127L176 126L178 125L178 124L179 123L181 122L181 120L183 119L183 118L184 117L184 115L185 115L186 116L187 116L187 113L190 112L194 112L196 110L197 110L197 108L199 108L199 111z,
Кіровоградська,M430 203L430 202L432 202L433 203L434 203L435 204L436 204L436 205L437 205L437 204L439 204L440 205L440 206L441 206L441 207L441 205L442 205L442 204L445 204L446 205L449 205L449 206L450 207L449 208L449 209L448 210L448 211L447 211L447 213L446 213L446 211L445 211L445 212L444 212L444 210L443 210L443 211L441 211L441 210L440 210L439 211L437 211L436 212L436 213L437 213L437 214L438 214L438 215L440 215L441 216L444 216L444 217L445 217L446 218L445 219L444 219L443 221L439 223L438 223L437 224L432 226L432 227L433 227L433 229L434 230L434 231L433 231L433 232L434 232L434 238L435 238L435 242L433 242L433 243L430 246L430 245L428 245L428 246L426 248L426 249L425 249L425 247L426 247L425 246L425 245L425 246L424 247L424 250L423 251L420 251L420 252L419 253L418 253L418 255L417 257L417 256L416 256L416 254L415 254L415 253L412 253L412 254L411 254L412 254L412 255L411 255L411 256L410 256L410 257L409 257L408 256L405 256L405 257L404 257L404 259L405 259L405 260L404 260L403 261L404 262L404 264L403 264L403 266L396 267L393 266L391 266L390 265L387 265L386 267L386 268L385 268L385 269L383 269L383 268L382 268L382 267L381 267L381 266L380 266L378 265L378 266L373 266L373 263L374 262L374 261L373 260L373 259L372 258L370 258L370 257L369 255L368 254L370 253L370 252L371 252L370 251L370 250L367 250L367 249L365 249L365 248L364 249L364 250L362 250L361 251L361 252L360 252L360 251L361 251L361 249L360 248L358 249L356 249L356 248L355 249L350 248L350 246L349 246L349 244L348 243L342 243L342 244L341 244L341 245L340 245L339 246L337 246L337 245L336 245L336 246L335 246L335 245L331 245L329 246L328 246L328 247L326 247L324 246L318 246L317 247L317 248L316 248L308 247L305 244L305 243L302 243L301 245L300 245L300 244L299 244L299 243L298 243L298 244L297 244L297 241L296 241L296 240L295 240L296 239L296 238L297 237L297 235L301 231L302 231L302 234L303 234L305 232L305 231L307 231L308 230L309 230L311 228L313 228L314 229L314 228L319 226L319 224L320 224L320 223L322 223L322 224L326 224L326 221L325 221L325 220L327 219L327 218L328 217L328 216L327 216L327 215L328 215L331 212L333 212L333 213L342 213L343 214L344 214L344 215L346 215L347 214L349 213L353 213L353 214L354 214L354 215L355 214L357 214L358 213L359 213L359 211L360 211L360 210L362 208L362 203L363 203L364 204L366 204L367 203L367 202L369 202L372 204L373 204L373 205L374 205L374 207L375 207L375 206L376 206L376 205L377 205L379 204L380 203L380 204L384 204L384 200L386 200L386 198L387 198L387 197L388 197L388 196L389 196L389 197L390 196L389 196L389 195L390 195L391 194L392 194L392 197L394 197L395 196L396 196L396 199L397 201L398 201L398 203L399 203L399 202L403 202L403 201L404 201L404 200L405 200L406 201L408 201L411 198L409 198L409 195L408 195L408 190L407 190L407 189L408 186L408 184L417 189L421 192L422 192L422 194L423 194L423 195L427 196L428 197L429 197L429 198L428 198L428 199L427 199L427 200L428 200L428 201L429 201L429 202L430 202L430 203z,
м. Київ,M333 126L332 124L331 125L332 127L329 127L329 126L327 127L328 128L327 128L329 131L329 135L328 135L328 137L329 139L329 140L327 142L326 139L326 137L325 137L325 134L324 134L324 131L323 130L323 131L322 130L322 128L321 127L320 127L320 125L319 123L317 121L317 119L316 118L315 119L314 118L313 120L312 121L312 115L313 114L313 111L314 110L315 110L315 109L314 108L315 107L316 108L316 107L315 106L317 105L317 104L321 104L321 106L322 106L323 108L324 109L324 110L325 111L325 109L329 109L330 107L331 107L332 106L331 105L332 104L334 104L336 105L336 109L333 112L333 117L335 120L335 121L336 122L336 123L334 123L334 125z,
Київська,M299 59L300 58L300 57L302 57L304 56L312 56L313 57L314 59L316 60L317 60L317 65L319 67L321 67L321 68L322 69L324 69L325 70L326 70L326 71L324 71L324 73L325 73L325 74L324 77L324 84L325 84L325 83L326 83L326 84L328 84L329 85L329 86L330 87L329 87L329 91L330 91L332 92L333 93L334 93L334 95L333 95L333 97L332 98L333 99L334 98L335 98L335 99L336 99L336 100L336 99L340 99L340 98L341 98L343 99L343 98L346 98L346 101L348 101L348 102L349 103L350 103L350 107L349 107L349 109L350 110L352 110L352 112L353 112L354 113L360 113L360 112L363 113L364 112L365 112L366 111L367 111L367 110L370 110L370 109L371 109L371 107L372 107L372 106L374 106L374 107L375 108L376 108L377 110L377 111L380 111L380 113L379 113L378 114L378 115L379 116L379 118L380 118L380 119L382 119L382 120L381 120L382 120L382 121L384 122L383 125L383 126L382 126L383 126L383 127L382 127L381 129L381 128L379 128L378 129L378 131L379 131L379 132L377 134L376 134L373 137L374 138L374 141L372 142L372 145L370 147L370 149L369 149L369 151L364 150L364 148L363 149L363 150L361 150L361 151L360 151L360 152L360 151L359 151L359 148L354 148L352 150L350 150L350 151L349 151L349 159L348 160L348 162L347 163L347 166L348 166L348 168L347 168L346 169L345 171L342 174L341 174L341 175L340 176L339 178L339 180L338 180L338 179L336 179L336 180L335 179L335 180L334 180L333 181L331 181L331 179L328 179L327 180L327 181L326 180L325 180L323 181L323 180L322 180L322 179L321 179L321 180L320 180L320 183L319 186L318 186L318 185L311 183L311 182L312 181L310 181L309 182L309 184L308 183L306 183L306 184L303 184L302 185L302 187L301 187L300 188L300 189L299 189L297 190L296 189L295 189L295 187L296 187L295 187L294 186L293 186L293 185L292 186L292 185L291 184L291 183L290 182L288 182L288 181L287 181L287 180L286 179L286 178L287 178L287 177L289 176L289 174L288 172L288 171L289 171L289 169L287 168L287 167L286 167L286 165L287 164L287 163L286 163L285 162L285 161L286 161L286 159L283 159L284 159L284 157L285 156L285 155L284 155L284 154L286 154L286 153L287 153L289 152L291 150L292 150L292 148L294 148L294 147L295 146L295 145L293 142L293 137L294 136L295 136L295 133L294 133L294 127L292 125L292 124L290 124L290 121L289 120L289 118L286 118L285 119L284 119L284 118L285 117L285 116L284 116L285 115L285 116L286 116L286 113L285 112L286 112L286 111L287 110L287 109L286 109L286 106L288 104L288 103L289 103L290 102L290 101L289 99L289 97L286 97L287 92L286 91L284 87L283 87L283 85L284 85L284 86L285 86L285 82L286 81L286 80L285 80L285 79L284 79L284 78L283 78L283 77L282 76L281 76L280 77L279 77L279 73L278 70L279 70L280 69L281 69L281 68L282 67L282 63L281 63L281 62L282 61L286 61L286 59L287 58L289 58L290 57L290 56L291 56L292 55L293 55L294 56L294 57L295 58zM329 109L325 109L325 111L324 110L324 109L323 108L322 106L321 106L321 104L317 104L317 105L315 106L316 107L316 108L315 107L314 108L315 109L315 110L314 110L313 111L313 114L312 115L312 121L313 120L314 118L315 119L316 118L317 119L317 121L319 123L320 125L320 127L321 127L322 128L322 130L323 131L323 130L324 131L324 134L325 134L325 137L326 137L326 139L327 142L329 140L329 139L328 137L328 135L329 135L329 131L327 128L328 128L327 127L329 126L329 127L332 127L331 125L332 124L333 126L334 125L334 123L336 123L336 122L335 121L335 120L333 117L333 112L336 109L336 105L334 104L332 104L331 105L332 106L331 107L330 107z,
Луганська,M610 139L612 139L613 143L614 143L615 144L617 144L618 145L624 145L625 144L626 146L626 147L628 149L632 150L635 154L640 153L641 151L642 150L644 150L646 156L648 158L651 158L653 157L654 157L655 158L658 158L659 159L659 160L661 164L663 166L665 166L667 168L667 169L668 169L669 168L671 168L671 167L674 165L679 166L679 168L677 169L677 170L676 172L676 173L678 177L681 180L680 181L680 186L679 186L678 187L677 189L673 192L672 194L672 197L668 197L665 198L663 198L663 202L664 202L665 203L665 205L666 205L667 206L672 206L672 207L673 208L674 207L674 206L676 206L677 207L677 208L674 211L672 211L668 210L666 210L666 211L665 212L665 213L664 213L661 221L661 222L663 222L669 223L669 224L670 226L670 227L669 227L669 229L670 229L671 232L671 234L672 234L668 238L670 240L671 239L674 239L674 242L673 243L671 244L671 245L668 250L668 251L669 253L666 253L666 255L667 255L667 258L666 259L666 260L667 261L666 263L666 264L665 265L660 264L659 264L656 265L655 265L655 264L653 265L651 265L650 264L641 264L639 263L639 262L640 260L640 259L639 259L639 255L635 254L632 254L632 253L631 253L630 252L630 251L631 251L631 249L624 246L623 245L623 243L622 242L622 240L617 240L616 239L616 237L618 237L618 236L619 236L619 235L618 235L618 234L617 233L616 233L616 231L615 230L615 231L613 231L613 230L612 230L612 226L611 226L611 225L610 225L610 224L611 224L611 223L610 222L610 217L612 215L612 214L611 215L611 212L612 212L612 211L611 210L611 208L609 208L609 204L608 204L607 203L602 203L602 202L601 202L601 201L602 201L602 200L604 200L604 199L602 196L602 195L603 195L603 191L601 191L600 192L599 192L597 190L596 190L597 189L598 189L598 188L597 188L597 187L596 187L596 186L595 186L596 185L597 185L597 184L598 183L598 182L596 182L596 180L597 178L596 177L596 174L597 174L598 173L598 171L599 170L599 165L600 164L600 163L601 162L601 159L600 158L599 159L598 158L599 158L599 157L600 157L600 156L601 157L601 155L602 155L602 154L601 153L601 152L603 152L604 151L603 151L603 150L602 150L602 148L604 146L605 147L607 146L607 139L608 139z,
Львівська,M93 109L93 108L96 108L96 107L97 107L97 108L98 108L98 109L99 111L100 111L101 110L101 111L102 111L103 112L103 114L102 114L100 115L100 116L102 117L102 119L103 119L103 117L104 117L104 118L107 118L107 120L109 121L109 122L110 122L112 123L113 123L113 122L118 122L117 121L118 121L120 122L122 122L122 123L123 124L122 125L123 126L125 126L126 125L127 125L127 126L128 126L128 128L126 130L127 131L127 136L131 140L134 142L134 143L135 143L135 144L136 144L136 146L135 146L135 147L134 147L134 148L135 148L135 149L134 149L134 150L132 150L132 151L131 151L129 152L126 152L126 153L123 153L123 156L124 157L124 158L123 159L121 159L121 158L121 159L120 160L120 161L118 163L118 164L112 167L110 167L110 170L109 171L107 171L106 170L99 170L99 171L98 172L99 173L99 174L98 176L97 177L99 178L99 179L97 180L97 181L94 181L94 183L95 183L96 182L97 182L97 183L96 184L96 186L99 186L100 187L100 188L99 188L99 189L96 189L95 190L93 190L93 191L91 191L89 192L88 192L87 191L86 191L84 192L84 193L83 193L82 192L81 192L80 193L72 193L72 194L71 194L70 199L69 199L68 200L67 205L66 206L67 206L67 209L66 215L65 214L63 215L62 215L61 214L60 214L60 212L59 212L58 213L57 213L57 212L53 212L53 211L52 210L51 208L51 207L50 207L50 206L49 207L45 207L45 206L43 205L43 204L42 203L42 201L43 200L41 198L41 197L40 197L40 196L41 195L41 194L40 194L36 190L34 190L35 189L35 188L36 186L36 185L37 184L36 177L35 176L34 176L34 171L33 169L34 167L37 163L37 161L38 161L39 160L40 160L42 156L42 155L43 155L44 154L44 152L46 151L50 145L51 143L53 142L54 140L62 131L64 130L70 124L71 124L71 121L72 121L73 120L81 120L82 119L83 117L83 116L84 116L83 115L87 112L87 110L86 107L87 106L87 105L89 105L89 106L90 107L91 107L91 108L92 108L92 109z,
Миколаївська,M363 334L371 334L373 335L373 336L372 338L370 337L368 337L368 338L367 338L367 340L366 338L361 333L361 332L362 333zM350 246L350 248L355 249L356 248L356 249L358 249L360 248L361 249L361 251L360 251L360 252L361 252L361 251L362 250L364 250L364 249L365 248L365 249L367 249L367 250L370 250L370 251L371 252L370 252L370 253L368 254L369 255L370 257L370 258L372 258L373 259L373 260L374 261L374 262L373 263L373 266L378 266L378 265L380 266L381 266L381 267L382 267L382 268L383 268L383 269L385 269L385 268L386 268L386 267L387 265L390 265L391 266L393 266L396 267L403 266L403 264L404 264L404 262L403 261L404 260L405 260L405 259L404 259L404 257L405 257L405 256L408 256L409 257L410 257L410 256L411 256L411 255L412 255L412 254L411 254L412 254L412 253L415 253L415 254L416 254L416 256L417 256L417 257L418 257L418 258L417 258L417 260L419 260L419 262L418 262L418 268L419 268L419 270L417 270L416 271L415 271L416 272L416 274L417 274L417 275L416 276L416 278L419 278L419 280L420 281L420 286L421 286L421 287L419 287L419 286L418 285L418 286L417 287L417 289L420 289L420 296L421 297L421 298L420 299L419 298L419 299L418 300L415 300L414 301L414 303L413 304L413 306L414 306L416 307L418 309L418 310L417 311L416 311L415 310L414 310L414 312L416 312L416 313L414 314L413 315L409 316L409 317L414 317L413 317L413 318L410 319L405 319L404 318L403 318L403 317L399 317L399 319L396 319L396 318L393 318L393 319L392 320L392 321L387 320L387 321L386 322L386 323L385 323L385 324L382 324L382 323L381 323L381 324L380 324L380 325L378 325L377 324L377 319L379 315L379 313L377 313L377 311L378 310L378 309L375 309L374 308L375 306L375 303L374 303L373 302L373 300L372 299L370 298L370 296L369 296L369 298L370 299L372 299L372 303L373 304L374 304L374 306L373 306L373 309L374 310L377 310L375 312L375 314L377 314L378 313L378 316L376 318L375 318L374 319L374 322L375 324L375 328L376 328L374 330L370 330L367 328L365 329L364 329L364 330L363 330L363 331L362 330L360 330L360 328L362 324L363 323L363 322L365 320L364 319L364 321L363 321L361 323L361 324L360 323L359 321L358 321L359 322L359 324L360 324L361 325L360 326L360 327L359 327L358 329L357 330L355 331L352 331L351 330L349 330L348 327L348 326L349 325L348 325L348 319L347 319L347 318L346 317L346 316L344 315L343 314L343 312L345 312L346 311L350 311L350 310L352 310L352 308L353 307L353 304L352 304L352 303L351 303L351 302L350 301L348 301L347 300L346 300L346 298L348 298L348 295L347 295L345 296L343 296L343 295L339 295L338 294L338 293L336 287L336 284L337 284L337 280L336 279L336 278L334 278L334 275L332 276L331 276L331 278L330 278L330 276L328 276L328 275L326 275L326 276L322 276L322 275L321 275L321 274L320 274L320 270L319 269L319 268L320 268L320 266L318 266L318 265L317 265L316 258L315 257L315 256L313 256L313 251L314 250L317 250L317 249L316 249L316 248L317 248L317 247L318 246L324 246L326 247L328 247L328 246L329 246L331 245L335 245L335 246L336 246L336 245L337 245L337 246L339 246L340 245L341 245L341 244L342 244L342 243L348 243L349 244L349 246L350 246z,
Одеська,M298 384L295 385L297 384L298 384L298 382L300 382L301 380L302 380L308 374L310 373L302 381zM303 243L305 243L305 244L308 247L316 248L316 249L317 249L317 250L314 250L313 251L313 256L315 256L315 257L316 258L317 265L318 265L318 266L320 266L320 268L319 268L319 269L320 270L320 274L321 274L321 275L322 275L322 276L326 276L326 275L328 275L328 276L330 276L330 278L331 278L331 276L332 276L334 275L334 278L336 278L336 279L337 280L337 284L336 284L336 287L338 293L338 294L339 295L343 295L343 296L345 296L347 295L348 295L348 298L346 298L346 300L347 300L348 301L350 301L351 302L351 303L352 303L352 304L353 304L353 307L352 308L352 310L350 310L350 311L346 311L345 312L343 312L343 314L344 315L346 316L346 317L347 318L347 319L348 319L348 325L349 325L348 326L348 327L349 330L346 330L344 331L341 331L340 332L339 332L337 334L335 334L335 333L333 335L333 337L334 338L334 342L331 345L329 345L330 346L330 347L329 350L326 355L325 356L324 356L324 358L315 369L313 371L310 373L310 369L309 370L309 373L307 373L306 372L304 372L304 373L303 374L303 376L303 375L302 374L303 374L303 373L302 373L302 376L303 377L302 378L302 377L301 377L301 376L300 376L300 377L298 377L297 378L298 379L298 380L300 380L300 381L299 381L299 382L297 382L297 383L296 383L295 384L295 381L294 380L293 380L293 376L294 375L292 373L291 373L291 374L292 374L292 375L291 376L291 378L292 379L290 380L290 387L291 387L292 388L294 386L294 387L290 391L291 392L291 393L292 393L292 391L293 391L293 393L293 392L294 392L294 393L295 393L295 391L296 392L296 394L295 394L295 395L296 396L296 400L295 401L295 404L294 405L292 405L293 405L293 404L292 403L293 402L293 400L292 398L289 395L284 394L281 393L279 393L279 394L276 394L275 395L275 396L273 396L273 397L271 397L269 399L267 399L267 400L265 402L265 401L264 400L263 400L262 399L260 399L260 401L259 401L259 403L261 403L260 404L257 404L252 403L246 401L245 400L244 400L243 399L243 398L241 395L242 394L240 392L239 393L238 392L239 391L239 390L241 389L244 389L246 390L249 390L250 389L250 387L249 387L250 386L251 386L250 385L250 383L249 382L249 381L250 380L250 379L252 379L252 376L255 376L256 375L256 373L258 373L258 372L259 371L259 370L258 369L258 366L259 366L265 364L266 363L266 358L267 356L269 354L267 352L266 350L266 346L265 344L265 340L266 339L269 337L271 337L274 335L275 335L276 337L276 342L275 342L275 344L276 344L278 342L279 342L279 338L280 338L281 340L281 341L282 341L283 339L284 338L286 338L286 340L285 340L286 340L286 341L288 341L289 342L289 343L290 344L291 344L292 343L292 341L294 341L294 338L298 342L298 345L299 345L301 344L306 344L308 343L309 343L310 341L309 341L309 340L308 341L307 340L305 339L306 338L305 337L304 337L303 336L302 336L301 335L301 334L303 334L303 331L302 330L303 329L303 322L302 322L302 320L301 320L299 318L297 318L296 317L295 317L294 316L294 315L292 315L290 313L289 313L289 309L290 309L290 305L288 305L288 306L287 307L287 306L286 304L286 303L288 303L288 297L289 297L289 292L288 292L287 291L286 291L285 292L285 294L284 294L284 295L283 295L283 294L282 294L282 293L281 292L281 290L280 290L280 289L279 289L279 288L278 287L277 287L277 285L275 285L275 286L274 286L274 285L273 284L273 283L272 281L275 276L275 271L276 269L277 268L276 267L275 267L275 264L276 264L277 263L277 262L276 262L275 261L274 261L274 258L273 257L273 256L271 256L270 257L269 259L266 259L266 258L265 258L264 256L263 255L264 254L267 253L268 252L268 251L269 251L270 250L270 247L272 247L272 248L274 248L274 249L276 250L281 250L284 249L285 249L286 250L293 250L294 248L294 247L293 246L293 245L295 245L297 244L298 244L298 243L299 243L299 244L300 244L300 245L301 245L302 243L303 243z,
Полтавська,M443 116L444 115L447 115L447 114L446 113L448 112L450 112L452 114L455 115L455 114L457 114L457 113L458 112L460 112L460 111L462 111L462 117L467 122L467 123L466 124L466 127L468 127L468 126L468 127L469 127L469 129L470 129L471 130L471 131L472 131L472 132L471 132L471 133L470 133L470 136L471 136L471 135L473 135L476 136L478 136L478 134L481 134L482 133L483 133L486 134L487 135L487 139L486 139L485 141L484 142L485 144L485 146L487 148L488 148L488 149L491 149L491 150L494 151L497 151L497 157L498 157L498 158L499 158L499 160L500 160L500 161L503 161L504 160L505 160L506 161L506 162L505 162L505 163L507 166L507 168L504 168L504 169L505 169L506 170L507 170L507 171L506 171L506 172L505 172L503 171L502 172L501 172L501 173L502 174L502 175L503 175L503 177L502 178L501 180L500 181L500 182L498 183L497 183L492 182L492 181L491 181L488 184L488 186L489 187L489 190L488 189L486 189L486 191L485 191L485 189L482 189L480 191L477 192L475 192L469 195L468 195L468 196L467 197L467 198L466 198L466 200L465 200L464 201L463 203L463 206L465 208L464 208L464 209L463 210L463 211L464 211L464 212L463 212L463 213L462 214L459 211L456 211L456 210L454 210L450 207L449 206L449 205L446 205L445 204L442 204L442 205L441 205L441 207L441 206L440 206L440 205L439 204L437 204L437 205L436 205L436 204L435 204L434 203L433 203L432 202L430 202L430 203L430 202L429 202L429 201L428 201L428 200L427 200L427 199L428 199L428 198L429 198L429 197L428 197L427 196L423 195L423 194L422 194L422 192L421 192L417 189L408 184L408 180L407 176L406 176L405 174L404 173L404 172L405 169L407 169L407 165L406 165L405 164L405 161L400 160L400 156L398 155L397 155L397 154L396 154L396 153L395 154L395 153L394 153L393 150L392 150L392 149L394 149L394 144L393 143L391 139L388 139L388 138L387 136L387 135L389 135L389 133L388 133L387 134L385 132L384 132L384 131L383 130L383 129L381 129L382 127L383 127L383 126L382 126L383 126L383 125L384 122L387 122L387 123L387 122L388 122L389 120L390 120L392 119L394 119L394 120L395 119L397 119L397 121L404 121L404 122L406 122L409 120L411 120L411 119L412 119L412 118L413 117L414 117L414 116L415 115L416 115L417 114L418 111L419 112L424 112L424 111L427 111L428 112L440 114L443 116z,
Рівненська,M156 31L160 31L162 33L173 34L173 36L182 37L189 40L191 40L195 39L200 39L201 40L201 45L202 45L202 46L203 45L204 46L204 48L203 49L210 49L212 47L213 47L217 49L220 49L220 52L219 55L217 55L217 56L216 56L216 57L215 57L215 59L216 60L216 61L214 60L214 58L213 58L213 59L212 61L212 63L213 63L213 65L212 65L212 66L209 66L210 67L211 69L211 71L210 71L210 72L209 72L209 73L208 74L208 75L207 76L207 79L206 79L206 80L205 81L205 82L202 82L202 84L201 84L201 85L202 85L202 88L203 88L203 89L202 89L202 90L203 90L203 92L202 94L202 96L203 96L203 97L204 98L204 101L203 103L202 104L202 106L201 106L201 107L202 108L203 108L203 109L202 109L201 111L199 111L199 108L197 108L197 110L196 110L194 112L190 112L187 113L187 116L186 116L185 115L184 115L184 117L183 118L183 119L181 120L181 122L179 123L178 124L178 125L176 126L176 127L175 127L175 128L171 128L171 129L170 129L169 131L168 132L168 133L166 134L166 132L165 131L165 129L166 128L166 127L165 127L165 128L163 128L160 127L159 127L158 128L157 128L156 127L155 127L151 131L151 132L145 132L145 133L144 133L144 134L143 134L143 133L142 133L142 134L139 134L139 133L137 133L137 134L136 135L137 135L137 138L136 138L135 139L135 141L135 140L134 140L134 142L131 140L127 136L127 131L126 130L128 128L128 126L127 126L127 125L126 125L125 126L123 126L122 125L125 123L125 122L126 122L126 121L128 121L128 120L127 120L127 119L126 119L125 118L125 117L124 117L124 115L126 115L126 113L125 112L125 110L126 110L127 111L131 111L131 107L134 107L134 106L133 106L133 105L134 104L133 104L133 103L134 103L134 104L138 104L139 103L141 102L142 102L142 101L145 101L145 102L146 102L146 104L148 104L149 105L150 105L150 106L151 106L151 103L152 103L152 96L153 96L155 95L155 94L156 94L156 95L157 95L157 93L156 93L156 91L157 91L158 90L158 89L157 89L157 88L156 88L156 87L157 87L159 86L160 86L161 85L161 84L160 84L160 82L159 81L159 80L155 80L155 77L158 77L159 76L159 73L157 71L154 70L154 69L153 69L152 68L152 66L151 66L150 65L150 62L151 62L148 62L148 61L147 61L147 62L146 63L145 63L144 62L143 63L142 63L142 65L141 65L141 54L140 54L141 53L141 52L142 51L142 49L141 49L141 48L139 48L139 41L141 39L143 38L143 37L144 36L144 34L143 34L143 32L144 32L145 31L141 31L140 30L145 30L149 29z,
Сумська,M462 32L464 32L465 34L466 34L467 35L467 36L468 38L468 41L467 42L464 42L458 44L456 45L456 47L458 47L458 50L459 50L460 52L461 53L461 60L460 60L460 61L461 62L461 63L463 63L464 62L464 64L463 66L462 68L460 70L462 71L464 71L465 69L468 69L471 70L472 71L474 70L475 70L476 71L476 73L477 74L478 74L480 75L486 73L488 72L493 72L494 79L495 81L496 82L497 82L500 81L501 81L502 82L503 82L503 84L502 84L500 85L500 87L501 88L502 88L502 91L503 92L503 93L504 94L504 97L505 97L506 98L506 102L507 104L504 105L504 106L506 113L506 115L508 115L509 116L510 116L510 117L511 119L511 121L512 122L513 122L514 123L515 123L515 122L515 124L508 124L508 125L509 125L508 125L506 123L504 123L504 125L501 125L501 127L500 126L499 126L499 129L497 129L496 128L494 128L494 130L492 130L491 131L491 132L489 132L489 131L488 132L488 133L486 134L483 133L482 133L481 134L478 134L478 136L476 136L473 135L471 135L471 136L470 136L470 133L471 133L471 132L472 132L472 131L471 131L471 130L470 129L469 129L469 127L468 127L468 126L468 127L466 127L466 124L467 123L467 122L462 117L462 111L460 111L460 112L458 112L457 113L457 114L455 114L455 115L452 114L450 112L448 112L446 113L447 114L447 115L444 115L443 116L440 114L428 112L427 111L424 111L424 112L419 112L418 111L419 107L420 106L420 103L421 103L421 100L422 100L422 98L421 98L420 97L420 95L421 91L422 91L422 90L423 89L423 86L422 85L422 83L423 83L423 82L424 81L422 81L421 82L421 83L419 82L418 82L417 81L418 81L418 80L417 80L415 79L414 79L414 78L415 77L415 75L414 75L414 74L415 74L415 73L417 73L417 70L418 70L418 68L419 67L418 67L418 64L417 64L416 63L416 61L417 61L418 62L418 63L419 63L420 62L420 60L421 60L421 59L420 59L420 56L421 56L421 55L420 54L421 54L422 55L423 54L423 53L422 53L422 52L421 51L422 51L422 50L423 50L422 50L422 46L421 46L421 45L422 44L422 43L420 41L419 41L419 39L418 38L418 37L419 36L419 35L421 33L421 32L422 32L422 31L423 30L425 30L426 29L427 29L429 28L430 27L429 26L429 25L430 25L430 21L430 22L433 22L433 21L434 21L434 20L432 20L432 19L431 18L431 17L430 16L428 16L428 11L429 10L429 8L430 7L430 5L431 4L433 4L434 3L434 7L436 7L438 5L441 3L446 3L446 5L450 9L451 11L454 13L454 14L455 15L455 16L456 16L456 17L455 18L455 23L457 25L457 26L456 27L456 28L459 28L460 30L461 30L461 31L462 32L461 32z
Тернопільська,M163 128L165 128L165 127L166 127L166 128L165 129L165 131L166 132L166 134L165 134L166 135L167 135L167 137L165 137L165 138L166 138L166 140L165 140L164 141L165 141L166 142L166 143L165 143L163 144L163 149L164 149L164 153L165 154L166 154L166 158L165 158L165 161L166 161L166 164L165 164L165 167L164 168L163 168L163 171L164 173L164 176L165 176L165 177L166 177L166 182L167 183L167 184L166 184L166 186L165 186L165 188L164 189L165 190L165 193L166 194L166 195L165 196L165 197L164 197L165 198L165 200L164 200L165 201L164 201L164 202L165 203L165 204L164 204L164 205L165 205L165 208L167 210L166 210L166 218L168 218L168 220L169 219L169 220L168 221L169 222L170 222L170 223L171 223L170 224L171 225L171 226L170 227L169 227L168 226L167 226L167 225L166 225L164 226L163 225L162 223L162 221L161 221L161 223L162 224L161 225L160 225L159 224L159 219L158 219L158 221L157 221L157 220L156 221L156 222L152 222L152 221L150 219L150 218L148 218L148 220L147 220L147 218L144 218L144 216L143 215L143 214L144 214L141 211L140 211L139 210L138 210L137 209L137 208L138 207L136 207L136 208L135 208L135 207L133 207L133 210L132 210L130 212L129 212L129 209L131 209L132 208L130 207L129 207L128 208L128 207L129 206L129 203L128 203L127 204L127 206L126 207L126 206L125 205L125 202L123 201L119 201L119 198L118 198L117 197L116 197L116 196L118 196L119 197L119 196L120 196L120 194L119 194L119 193L118 193L117 192L116 193L115 193L115 188L116 188L116 186L115 185L114 185L114 179L113 177L112 176L109 171L110 170L110 167L112 167L118 164L118 163L120 161L120 160L121 159L121 158L121 159L123 159L124 158L124 157L123 156L123 153L126 153L126 152L129 152L131 151L132 151L132 150L134 150L134 149L135 149L135 148L134 148L134 147L135 147L135 146L136 146L136 144L135 144L135 143L134 143L134 140L135 140L135 141L135 139L136 138L137 138L137 135L136 135L137 134L137 133L139 133L139 134L142 134L142 133L143 133L143 134L144 134L144 133L145 133L145 132L151 132L151 131L155 127L156 127L157 128L158 128L159 127L160 127L163 128z,
Вінницька,M269 166L278 166L278 165L279 164L282 164L283 163L283 162L285 162L286 163L287 163L287 164L286 165L286 167L287 167L287 168L289 169L289 171L288 171L288 172L289 174L289 176L287 177L287 178L286 178L286 179L287 180L287 181L288 181L288 182L290 182L291 183L291 184L292 185L292 186L293 185L293 186L294 186L293 187L293 188L294 188L294 192L293 192L293 194L292 195L291 195L291 196L290 196L290 198L291 198L292 199L293 199L293 200L292 200L292 202L291 202L292 202L292 203L294 203L294 204L295 204L295 205L294 206L294 207L295 208L296 208L296 212L299 212L301 214L300 215L300 217L301 218L303 218L303 220L304 221L304 222L306 224L306 226L305 226L305 228L304 228L304 229L303 229L303 230L304 230L306 229L307 229L308 230L307 231L305 231L305 232L303 234L302 234L302 231L301 231L297 235L297 237L296 238L296 239L295 240L296 240L296 241L297 241L297 244L295 245L293 245L293 246L294 247L294 248L293 250L286 250L285 249L284 249L281 250L276 250L274 249L274 248L272 248L272 247L270 247L270 250L269 251L268 251L268 252L267 253L264 254L263 255L262 254L262 252L261 250L261 249L260 248L256 248L252 246L251 246L250 247L250 249L249 250L249 251L248 251L248 250L247 248L247 246L245 246L245 247L244 248L243 248L243 246L244 245L244 244L245 243L245 242L241 242L241 243L240 243L239 244L238 243L238 241L237 241L236 242L234 242L234 241L235 239L233 237L230 237L228 236L228 235L227 235L227 234L225 232L223 231L222 230L217 230L216 228L215 229L213 229L212 228L212 225L211 223L208 220L209 217L209 212L210 212L210 211L209 211L209 205L208 204L208 202L209 202L209 201L208 201L208 199L209 199L209 198L210 197L210 196L211 196L211 195L212 195L212 192L216 192L216 191L217 190L218 190L218 191L219 191L220 192L222 192L222 193L223 193L223 192L224 192L224 191L226 191L227 190L227 187L226 187L226 181L225 180L224 180L224 177L225 177L225 175L222 175L221 174L221 173L222 173L222 172L221 172L221 169L222 169L222 170L223 169L223 168L222 167L223 167L224 164L224 162L223 162L222 161L222 159L225 159L225 158L224 157L225 157L226 156L233 156L236 155L240 155L241 154L242 155L246 155L246 154L247 153L251 153L252 154L252 155L253 154L258 154L258 153L260 151L261 151L261 149L264 149L264 150L265 150L265 151L266 152L266 156L267 156L267 157L268 157L268 158L266 160L266 161L267 162L267 163L268 164L267 165L268 165L268 166z,
Волинська,M140 30L141 31L145 31L144 32L143 32L143 34L144 34L144 36L143 37L143 38L141 39L139 41L139 48L141 48L141 49L142 49L142 51L141 52L141 53L140 54L141 54L141 65L142 65L142 63L143 63L144 62L145 63L146 63L147 62L147 61L148 61L148 62L151 62L150 62L150 65L151 66L152 66L152 68L153 69L154 69L154 70L157 71L159 73L159 76L158 77L155 77L155 80L159 80L159 81L160 82L160 84L161 84L161 85L160 86L159 86L157 87L156 87L156 88L157 88L157 89L158 89L158 90L157 91L156 91L156 93L157 93L157 95L156 95L156 94L155 94L155 95L153 96L152 96L152 103L151 103L151 106L150 106L150 105L149 105L148 104L146 104L146 102L145 102L145 101L142 101L142 102L141 102L139 103L138 104L134 104L134 103L133 103L133 104L134 104L133 105L133 106L134 106L134 107L131 107L131 111L127 111L126 110L125 110L125 112L126 113L126 115L124 115L124 117L125 117L125 118L126 119L127 119L127 120L128 120L128 121L126 121L126 122L125 122L125 123L122 125L123 124L122 123L122 122L120 122L118 121L117 121L118 122L113 122L113 123L112 123L110 122L109 122L109 121L107 120L107 118L104 118L104 117L103 117L103 119L102 119L102 117L100 116L100 115L102 114L103 114L103 112L102 111L101 111L101 110L100 111L99 111L98 109L98 108L97 108L97 107L96 107L96 108L93 108L93 109L92 109L92 108L91 108L91 107L90 107L89 106L89 105L87 105L87 106L86 104L86 101L85 101L84 100L84 98L83 98L82 97L82 94L88 94L88 92L82 88L82 85L81 85L81 84L80 84L80 81L79 80L78 78L78 77L79 76L78 75L76 74L74 72L74 71L72 67L70 67L70 66L69 65L70 64L70 63L71 63L71 61L72 61L72 60L70 57L71 56L70 55L69 55L69 52L68 49L68 48L69 48L69 47L74 46L77 47L79 48L81 50L82 50L92 42L93 40L94 36L97 32L107 31L109 32L110 32L120 30L124 28L127 28L133 30z,
Закарпатська,M34 197L38 197L38 198L39 198L39 199L40 199L41 200L41 198L43 200L42 201L42 203L43 204L43 205L45 206L45 207L49 207L50 206L50 207L51 207L51 208L52 210L53 211L53 212L57 212L57 213L58 213L59 212L60 212L60 214L61 214L62 215L63 215L65 214L66 215L67 215L69 216L71 219L75 219L75 222L78 224L79 224L79 225L80 225L80 229L82 229L82 228L83 227L86 227L87 225L88 225L88 234L89 234L89 235L90 235L91 236L92 236L93 235L94 235L94 233L95 234L96 234L96 236L97 236L101 240L102 240L102 242L103 243L103 245L102 246L103 246L103 248L106 250L107 252L105 255L105 256L104 258L97 258L96 259L94 259L92 261L91 261L89 260L88 260L87 258L84 258L83 257L82 257L79 259L78 259L78 258L76 256L72 256L70 255L65 255L65 256L64 256L64 257L63 257L61 255L60 256L60 255L59 254L57 253L55 251L52 250L51 250L50 251L49 254L49 255L47 256L46 256L45 255L43 255L43 257L42 258L40 257L40 256L41 255L41 252L40 252L40 251L38 249L32 249L32 250L31 249L31 248L30 246L30 245L27 242L27 241L27 242L24 242L24 241L24 242L22 242L21 239L20 238L20 235L19 235L19 233L18 232L15 232L15 233L14 233L14 229L15 228L15 227L14 225L14 223L15 222L17 221L18 220L18 219L19 219L21 217L21 213L22 213L22 212L23 211L23 207L25 205L25 203L26 201L26 200L28 200L28 199L29 197L29 195L30 194L33 197z,
Запорізька,M509 251L511 249L512 249L514 248L516 248L516 249L517 250L519 250L520 251L522 250L526 250L526 252L525 252L526 252L526 254L527 254L527 253L529 253L528 253L528 255L529 255L529 258L531 258L531 262L529 262L529 263L530 263L530 264L533 264L533 263L535 263L535 265L539 265L539 264L541 264L541 265L548 264L548 267L551 267L551 268L552 271L553 272L553 273L554 273L554 274L553 274L554 275L555 275L555 276L554 276L554 277L555 277L556 276L560 280L560 279L562 279L563 280L564 280L567 284L568 284L568 285L569 285L569 284L571 285L572 285L571 286L571 289L570 289L571 290L570 291L568 289L568 290L567 290L567 292L566 292L566 294L562 294L562 293L561 293L561 297L562 298L561 298L561 299L558 299L560 301L562 302L563 302L563 304L564 306L565 307L567 307L568 308L568 309L567 309L567 310L568 311L568 312L565 312L564 313L564 314L565 316L563 318L561 318L560 320L558 321L559 322L557 324L557 327L555 329L554 329L555 329L556 328L556 324L554 322L549 322L549 323L546 323L545 324L543 324L542 325L540 326L537 329L537 331L537 330L536 330L536 331L536 329L535 329L535 328L529 328L523 329L520 330L518 331L513 337L509 339L508 340L507 340L506 342L504 343L504 344L500 350L503 344L502 345L501 345L501 346L499 344L500 342L500 340L499 340L497 338L497 336L496 337L496 338L497 339L497 341L498 341L498 342L496 344L494 348L492 347L492 343L491 338L488 338L488 337L484 337L484 336L485 336L485 334L481 334L481 333L480 332L480 328L479 328L478 327L476 327L476 325L478 325L478 324L479 324L479 323L480 323L480 320L481 320L482 319L482 317L481 317L480 316L480 314L479 314L478 313L477 313L477 312L475 312L475 310L474 310L474 309L473 309L473 304L472 304L472 303L471 303L471 295L470 295L470 294L471 294L471 293L472 293L471 293L471 292L469 293L468 293L468 294L467 295L466 295L466 294L465 295L464 295L464 293L463 292L461 286L460 284L465 282L469 281L474 279L477 279L484 281L487 281L487 278L486 277L487 275L487 272L488 269L487 269L486 268L486 264L483 262L483 260L484 259L486 259L487 258L487 257L486 257L485 256L484 256L484 255L483 255L483 253L484 253L484 248L485 248L485 250L486 251L488 251L491 248L500 248L502 249L508 250L509 251z,
Житомирська,M244 53L248 50L253 51L254 52L254 57L256 59L256 58L257 58L257 59L258 60L258 61L259 60L259 56L260 54L263 51L267 51L268 50L269 48L270 47L273 47L273 48L274 49L276 53L276 54L277 55L276 57L278 59L278 60L279 61L279 62L280 63L281 62L281 63L282 63L282 67L281 68L281 69L280 69L279 70L278 70L279 73L279 77L280 77L281 76L282 76L283 77L283 78L284 78L284 79L285 79L285 80L286 80L286 81L285 82L285 86L284 86L284 85L283 85L283 87L284 87L286 91L287 92L286 97L289 97L289 99L290 101L290 102L289 103L288 103L288 104L286 106L286 109L287 109L287 110L286 111L286 112L285 112L286 113L286 116L285 116L285 115L284 116L285 116L285 117L284 118L284 119L285 119L286 118L289 118L289 120L290 121L290 124L292 124L292 125L294 127L294 133L295 133L295 136L294 136L293 137L293 142L295 145L295 146L294 147L294 148L292 148L292 150L291 150L289 152L287 153L286 153L286 154L284 154L284 155L285 155L285 156L284 157L284 159L283 159L286 159L286 161L285 161L285 162L283 162L283 163L282 164L279 164L278 165L278 166L268 166L268 165L267 165L268 164L267 163L267 162L266 161L266 160L268 158L268 157L267 157L267 156L266 156L266 152L265 151L265 150L264 150L264 149L261 149L261 151L260 151L258 153L258 154L253 154L252 155L252 154L251 153L247 153L246 154L246 155L242 155L241 154L240 155L236 155L233 156L226 156L218 154L218 152L217 152L216 150L216 148L214 148L214 146L215 145L216 145L215 145L215 144L214 142L217 142L217 141L219 141L219 139L218 139L217 138L217 136L218 136L218 135L217 135L217 134L218 134L218 132L216 130L217 129L217 128L215 128L215 130L212 130L212 128L211 128L210 127L210 126L209 127L209 125L207 124L206 123L205 123L205 121L203 121L203 120L202 120L203 120L203 116L204 116L205 115L202 112L202 111L201 111L202 109L203 109L203 108L202 108L201 107L201 106L202 106L202 104L203 103L204 101L204 98L203 97L203 96L202 96L202 94L203 92L203 90L202 90L202 89L203 89L203 88L202 88L202 85L201 85L201 84L202 84L202 82L205 82L205 81L206 80L206 79L207 79L207 76L208 75L208 74L209 73L209 72L210 72L210 71L211 71L211 69L210 67L209 66L212 66L212 65L213 65L213 63L212 63L212 61L213 59L213 58L214 58L214 60L216 61L216 60L215 59L215 57L216 57L216 56L217 56L217 55L219 55L219 56L220 57L221 57L221 56L224 53L224 52L223 52L223 51L224 50L224 49L225 48L226 48L229 51L234 51L235 50L236 48L238 46L240 46L240 48L242 50L243 50L243 53z
